region,video_name,accuracy,iou,commission_error,omission_error,TP,TN,FP,FN
Region A,video_001,0.02028672346342383,4.6606575255637064e-06,0.9999953320332293,0.9970323568830174,31,137698,6640976,10415
Region A,video_002,0.9739983974358974,0.09100365085658674,0.9082979628687955,0.07722431077694236,17673,6594919,175049,1479
Region A,video_003,0.9765230250754148,0.274126632085654,0.7253242189995528,0.007240401108325636,60193,6569539,158949,439
Region A,video_004,0.9849781709558824,0.4872084954897879,0.5127792555197433,5.159852221832367e-05,96897,6590238,101980,5
Region A,video_005,0.9892374858597285,0.690219188536058,0.30976325340026456,3.685322588570586e-05,162802,6553250,73062,6
Region A,video_006,0.9885158901300904,0.7108799644009345,0.03717152844744455,0.26905962961692004,191703,6519450,7401,70566
Region A,video_007,0.978207337622549,0.70969115454046,0.29030884545954005,0.0,361687,6279480,147953,0
Region A,video_008,0.9924003405448718,0.8906626148577629,0.08994790335921565,0.023362542320499505,420293,6317232,41541,10054
Region A,video_009,0.9921244579562595,0.8988149533134753,0.025701619967219102,0.07935621810118068,474950,6260702,12529,40939
Region A,video_010,0.9868711998020362,0.850280682776391,0.06429061279416468,0.09696300445630572,506201,6193786,34780,54353
Region A,video_011,0.9771205988404977,0.791598241885626,0.2034741263046199,0.007754480142072974,590013,6043776,150720,4611
Region A,video_012,0.9872684530542987,0.8801520769147576,0.11921531408527312,0.0008153679544653201,634778,6067906,85918,518
Region A,video_013,0.986678096719457,0.9063698599647402,0.08628329666751548,0.00879322173591126,875527,5823149,82677,7767
Region A,video_014,0.9663778221625189,0.8063404180226895,0.193151661785305,0.0007800927069742601,950427,5610428,227523,742
Region A,video_015,0.9681625895550527,0.8248175419116663,0.17204940545536196,0.004566857661541953,1017697,5555275,211479,4669
Region A,video_016,0.9839730333239065,0.905091159030684,0.050443276365060595,0.04919296091484283,1037649,5642662,55123,53686
Region A,video_017,0.9818773272530166,0.9038937869223937,0.09503953202837234,0.001302331682907695,1157182,5508901,121528,1509
Region A,video_018,0.9902943238593515,0.9482885944225796,0.04353043425949819,0.008939094575276132,1208352,5514875,54994,10899
Region A,video_019,0.9855430453431373,0.9276407797839471,0.0660404527741696,0.007240499457968494,1258277,5432693,88973,9177
Region A,video_020,0.9765554298642534,0.8901995844405262,0.10895769419592458,0.0010612974768058894,1290444,5339508,157797,1371
Region A,video_021,0.9812296733597285,0.9118613119754329,0.07469203213870626,0.015686734178878493,1318401,5343285,106423,21011
Region A,video_022,0.9904863958804676,0.9556314696521835,0.040606718063268994,0.004086313712632208,1391150,5333381,58881,5708
Region A,video_023,0.9840063218797134,0.9293900910854365,0.06702613781758363,0.0041160579216520535,1429204,5251333,102676,5907
Region A,video_024,0.9692098534125189,0.8821373577518377,0.10812356131491968,0.012227397907193753,1564535,5015547,189671,19367
Region A,video_025,0.9582909125188537,0.8349920487714201,0.13000299325031162,0.04597171575673766,1432919,5073033,214120,69048
Region A,video_026,0.8746432527337858,0.4687854611367787,0.008767472584325718,0.5292626654457044,751044,5187014,6643,844419
Region A,video_027,0.9375979508389894,0.7497895989534578,0.022768506965104813,0.23687918365776717,1269540,5095925,29579,394076
Region A,video_028,0.8403411635086727,0.3643085025276517,0.01255611226267533,0.6339959970328315,621197,5083980,7899,1076044
Region A,video_029,0.9642293846625188,0.8642324960712283,0.03643394617559501,0.10657207669301123,1545876,5000393,58452,184399
Region A,video_030,0.9768532593325792,0.918285230543954,0.08134073341549096,0.00044318889978780135,1765958,4866016,156363,783
Region A,video_031,0.9300298124057316,0.743500664417923,0.02580177299194159,0.24156443745290626,1376961,4937123,36469,438567
Region A,video_032,0.9749796733597285,0.9148364196060834,0.06455416450284804,0.023516278751171293,1824719,4794535,125922,43944
Region A,video_033,0.9799277373208899,0.9333178379542185,0.06290465377015224,0.004300513942216085,1907347,4745500,128035,8238
Region A,video_034,0.8376138586444193,0.4310482210370841,0.0075475733577314505,0.5675341082662386,835243,4851418,6352,1096107
Region A,video_035,0.8513814750659879,0.49383845695799117,0.027027881830850885,0.49929275045051874,984424,4795707,27346,981643
Region A,video_036,0.8248694970776772,0.46761825188082706,0.010251516119341029,0.5301058398413685,1044344,4555794,10817,1178165
Region A,video_037,0.9876057574472097,0.9602008639400794,0.00979561058314197,0.030590912737371693,2030121,4674853,20083,64063
Region A,video_038,0.8348584205316743,0.4751459168559482,0.015895270008222027,0.5211793443956233,1014982,4652972,16394,1104772
Region A,video_039,0.8943338753770739,0.6710252979152126,0.030070792236716513,0.31471820194746564,1463274,4608466,45366,672014
Region A,video_040,0.9774748421003017,0.9294565805036193,0.004684385628227832,0.06645971797835842,2014902,4621292,9483,143443
Region A,video_041,0.9890999128016591,0.9668315036621065,0.03146592695396986,0.0018148895911315665,2157091,4558027,70080,3922
Region A,video_042,0.9881457390648567,0.9636667343852283,0.03195465279172946,0.004671757618825798,2134570,4574070,70461,10019
Region A,video_043,0.9862189797794118,0.9580734048145162,0.03543432664583224,0.006976305642075576,2137982,4557577,78541,15020
Region A,video_044,0.9645412071078432,0.8997773931897387,0.09875592347891067,0.001805402629264796,2161259,4387127,236825,3909
Region A,video_045,0.862847320418552,0.5727923802882167,0.0007963446579679686,0.42694601845668007,1248464,4609510,995,930151
Region A,video_046,0.7714968950320513,0.2960939609191908,0.007540477979310072,0.7032384283860793,652560,4585225,4958,1546377
Region A,video_047,0.9535810237556561,0.8704003375453854,0.08975381758426167,0.0478844791326938,2116529,4357447,208698,106446
Region A,video_048,0.8914365926659125,0.7096267755590882,0.2851254855829297,0.010238654671657505,1801235,4250835,718417,18633
Region A,video_049,0.8248998397435897,0.16809647140658776,0.19794115290095096,0.8246282768076559,240207,5360137,59281,1129495
Region A,video_050,0.8361096872643288,0.14320750750588881,0.2507161418988336,0.8495848491367806,185976,5490473,62229,1050442
Region A,video_051,0.8314341181184012,0.16134280243210544,0.26763510321932527,0.8285482220536678,220165,5424541,80457,1063957
Region A,video_052,0.25550748845211163,0.21716577853180358,0.7828307906760629,7.273997953296655e-05,1402153,332518,5054347,102
Region A,video_053,0.8098836078902715,0.07801021763914247,0.4869661622876041,0.9157514780848464,109209,5389188,103660,1187063
Region A,video_054,0.7793529942024887,0.1268315856352625,0.1735125649518369,0.8696988877837056,217591,5073530,45681,1452318
Region A,video_055,0.891304911387632,0.6362397746290029,0.015049987294276014,0.3575141629910007,1290711,4760465,19722,718222
Region A,video_056,0.7520211750565611,0.1082150507560974,0.05410248218576806,0.8911109725306969,204294,4901268,11685,1671873
Region A,video_057,0.7019781650641026,0.07979512051359951,0.03758598369738127,0.9199554360044966,175450,4590364,6852,2016454
Region A,video_058,0.7029950862556561,0.0724145259630751,0.03130403746392374,0.9274156177045471,157416,4615302,5087,2011315
Region A,video_059,0.683784790959653,0.07833074383166966,0.04330089349385461,0.9213905616455531,182454,4459843,8258,2138565
Region A,video_060,0.6745271846719457,0.057891112811799844,0.06313349110956248,0.9418821600775583,135781,4443665,9150,2200524
Region A,video_061,0.6777109551753394,0.10887516850683598,0.10227745913199994,0.8897573664921876,267331,4333730,30457,2157602
Region A,video_062,0.679847461821267,0.12329473263876284,0.031349720663309766,0.8762113069216555,305676,4309890,9893,2163661
Region A,video_063,0.6604468620380844,0.07230887047672167,0.05549276969738384,0.9273826237858643,179684,4304169,10557,2294710
Region A,video_064,0.6731620592948718,0.11549138348895352,0.054936523883459674,0.8837280231797514,289730,4280448,16842,2202100
Region A,video_065,0.67262723298454,0.12697406383073162,0.06173190681582018,0.8719562505768335,323254,4243293,21268,2201305
Region A,video_066,0.6909782121983409,0.17209393363369135,0.08024869714500234,0.8252826380378175,436101,4255033,38050,2059936
Region A,video_067,0.9019482642816742,0.7233493888780375,0.058256718911642365,0.24276688133739444,1740545,4382890,107671,558014
Region A,video_068,0.6851029293929111,0.07822406684088598,0.22766650348013026,0.9199296148544963,181425,4469821,53480,2084394
Region A,video_069,0.8319204845399698,0.6664311549031123,0.32901877464335655,0.010072926459126228,2279807,3368201,1117914,23198
Region A,video_070,0.8928793422417044,0.6652255390763925,0.02783658493760835,0.3218573116583153,1445118,4616747,41379,685876
Region B,video_001,0.9991289003582202,0.9240324217395214,0.06915203354080669,0.007861526791255775,71935,6711271,5344,570
Region B,video_002,0.998959069805807,0.9423445620161047,0.04207200258751524,0.016970212765957445,115506,6666547,5073,1994
Region B,video_003,0.9968766202394419,0.8935871250708833,0.10004498107257115,0.007856203614968018,178066,6589849,19795,1410
Region B,video_004,0.9814788956447964,0.4778069403146232,0.0027217252617710284,0.5215691818930315,115054,6548324,314,125428
Region B,video_005,0.9759027679581448,0.40012320283366515,0.008513615424454156,0.5984973361198599,109122,6516399,937,162662
Region B,video_006,0.9929800916760935,0.8553789478794941,0.14221332302757905,0.0032707471447261413,281885,6459576,46734,925
Region B,video_007,0.973828125,0.5312151248842443,0.4687792690230511,1.98658064772462e-05,201347,6410089,177680,4
Region B,video_008,0.9794454951451734,0.6315940927066999,0.3670021643303541,0.0034988482957693094,239239,6410334,138707,840
Region B,video_009,0.9958352481617647,0.9319889065548022,0.06782723338120912,0.00021158669377728694,387466,6373379,28193,82
Region B,video_010,0.9942578714177979,0.9072041513431166,0.09265546138463003,0.00017052042834731602,381121,6369015,38919,65
Region B,video_011,0.9970491020927602,0.9494986160896592,0.03144534413996508,0.020300515250745825,376668,6392418,12229,7805
Region B,video_012,0.995949106806184,0.9341573835328818,0.056230786161924735,0.010784773542572476,390191,6371427,23248,4254
Region B,video_013,0.9877836891968326,0.8354502708172132,0.07272150728007822,0.10597317231627623,421092,6285090,33024,49914
Region B,video_014,0.9424106511595023,0.26306474413344644,0.0476876049072722,0.733423612530345,139569,6258570,6989,383992
Region B,video_015,0.9042575473699095,0.015079724649561563,0.9289132701895741,0.9812195586822743,9952,6129161,130046,519961
Region B,video_016,0.9418605062217195,0.11479600990347698,0.12150751699045788,0.8833518677191767,51188,6343216,7080,387636
Region B,video_017,0.9736709617741327,0.6287776208672538,0.3455100809981777,0.058805791983487,302769,6307600,159834,18917
Region B,video_018,0.9584969775169683,0.24964848368644746,0.08607276555919513,0.7443405411154472,93747,6413604,8829,272940
Region B,video_019,0.948248521163273,0.5007325304628939,0.4689079227185654,0.10246404792591045,352378,6085395,311119,40228
Region B,video_020,0.8593129890177225,0.29200776230390396,0.7036208626934078,0.04808126792657083,393943,5440036,935243,19898
Region B,video_021,0.9601597850678733,0.43399306093237966,0.12017172844167469,0.5386600288735105,207394,6311246,28327,242153
Region C,video_001,0.16856764941553545,0.030489286798189484,0.9695107132018105,0.0,177515,966911,5644694,0
Region C,video_002,0.24299865078242835,0.030934131307474598,0.9689521842403431,0.10583945584163597,164057,1485690,5119954,19419
Region C,video_003,0.1484719669117647,0.015566683047988418,0.9844329140264867,0.0016599685479643544,91416,916578,5780974,152
Region C,video_004,0.79173353836727,0.012012817771591558,0.9877113452760301,0.651391029280558,17192,5357982,1381822,32124
Region C,video_005,0.9915011076546003,0.3111188051433279,0.3979669631512071,0.6083297010506065,26059,6705361,17226,40474
Region C,video_006,0.09684038579374057,0.015057352968814679,0.9849426276815794,8.533697437757344e-05,93738,563723,6131651,8
Region C,video_007,0.9802712280825792,0.4639400949324027,0.5120471784682994,0.0958999196674388,115921,6539258,121645,12296
Region C,video_008,0.9984581212292609,0.9353875021603338,0.032119203183179734,0.03464706369479498,151544,6627108,5029,5439
Region C,video_009,0.9947570524604072,0.809223925393933,0.13422060644983716,0.07469372996758042,150985,6602540,23407,12188
Region C,video_010,0.9953475560897436,0.8384893079574159,0.145439006086884,0.02193751565687292,163980,6593554,27908,3678
Region C,video_011,0.9919219280260181,0.707240125766691,0.24981031222042285,0.07488845286391599,132488,6601789,44118,10725
Region D,video_001,0.9928482631033182,0.5252231902764333,0.03518824543756287,0.46451928061570363,53713,6686853,1959,46595
Region D,video_002,0.9926413143382353,0.5926602362878831,0.03151106551370365,0.3956868026803678,72688,6666473,2365,47594
Region D,video_003,0.9942041089272248,0.8339207104237979,0.09395650000687855,0.087137312881168,197580,6552191,20489,18860
Region D,video_004,0.9956914887349171,0.9069189474722597,0.06115000082354685,0.03614596367817647,285002,6474867,18563,10688
Region D,video_005,0.9948620734351433,0.9062604134194714,0.05750011179179895,0.04070068441324223,337234,6417004,20574,14308
Region D,video_006,0.9691351751036953,0.6200763310337325,0.36308104886769965,0.040901888750227856,342000,6237575,194960,14585
Region D,video_007,0.9971368896116138,0.9505424605113174,0.02560491180298537,0.025106535110266774,373586,6396096,9817,9621
Region D,video_008,0.9881394054015837,0.8374425407438362,0.056516488240230894,0.11832893377711466,414828,6293769,24849,55674
Region D,video_009,0.9544119120003771,0.41067814198806135,0.1370234627572741,0.560674544087962,215682,6263935,34246,275257
Region D,video_010,0.8699199601715686,0.3144547412153571,0.6670877191829007,0.14988657039665734,405085,5500906,811707,71422
Region D,video_011,0.8841904399981146,0.2048155362586194,0.772274355240446,0.32939606471823196,202513,5800362,686772,99473
Region D,video_012,0.9922396422511313,0.8140314712713462,0.09136039841139759,0.11340237892033615,230620,6505814,23188,29498
Region D,video_013,0.8646273743872549,0.1545085895857827,0.8285901781221902,0.389559269301504,167953,5702106,811880,107181
Region D,video_014,0.8496142357183258,0.20011861271694414,0.794249794198243,0.12031766038853475,255436,5512697,986050,34937
Region D,video_015,0.8141364418363499,0.17386402620903857,0.8223489683259614,0.10921703195336138,265562,5261708,1229290,32560
Region D,video_016,0.05658966110482654,0.04419610666208234,0.9558038933379177,0.0,296162,88032,6404926,0
Region D,video_017,0.811104826546003,0.1753861744313078,0.8214827536104781,0.09091242384247224,272759,5233929,1255155,27277
Region D,video_018,0.0446253711821267,0.028733593419742957,0.9712664065802571,0.0,191884,111083,6486153,0
Region D,video_019,0.8740570206447964,0.10575239657044129,0.8836512760089152,0.4627119454614048,101116,5832962,767961,87081
Region D,video_020,0.6840695112179487,0.0547214348169459,0.9436382527794812,0.34719221042780607,124166,4520064,2078853,66037
Region D,video_021,0.05132020055618401,0.02965234449799692,0.9703476555020031,0.0,196818,151601,6440701,0
Region D,video_022,0.05038443863122172,0.030249727781781394,0.9697502722182186,0.0,201105,140961,6447054,0
Region D,video_023,0.7884275134332579,0.11563986294917852,0.883302671580003,0.07266640992979234,187824,5164905,1421673,14718
Region D,video_024,0.03583085878582202,0.031158697408967526,0.9688413025910325,0.0,210520,32740,6545860,0
Region D,video_025,0.05013197586726999,0.02922237598731516,0.9707775492287071,8.75665763529036e-05,194121,146231,6448751,17
Region D,video_026,0.0503294977846908,0.02590289135238239,0.9740971086476176,0.0,171448,170245,6447427,0
Region D,video_027,0.06809233008107089,0.037241785448530566,0.9627582088843624,4.086002173753157e-06,244737,217550,6326832,1
Region D,video_028,0.9859229178450226,0.6545156147764696,0.08375166997287559,0.3038346041010616,181058,6512491,16550,79021
Region D,video_029,0.904344893005279,0.24983510358729114,0.7255404333618857,0.2642277114212913,216281,5923425,571744,77670
Region D,video_030,0.0617433481806184,0.05099627009538997,0.94900372990461,0.0,342299,76884,6369937,0
Region D,video_031,0.11024801447021117,0.05700185488904229,0.9429981451109577,0.0,365141,383346,6040633,0
Region D,video_032,0.9666444251979638,0.4854418126954119,0.02155284936362762,0.5093111922644066,213641,6349024,4706,221749
Region D,video_033,0.9525119603129714,0.41851296073183225,0.006805574578824819,0.5802834021278674,232042,6234676,1590,320812
Region D,video_034,0.9614207732371794,0.6671791828628139,0.27850172937631146,0.10140065993948273,525048,6002153,202671,59248
Region D,video_035,0.8813027314291101,0.38762731325805677,0.5799994236382424,0.1658662140307328,510097,5473173,704418,101432
Region D,video_036,0.08425495498680241,0.07095072279942104,0.929049277200579,0.0,474795,97222,6217103,0
Region D,video_037,0.06942784926470588,0.06553645341531121,0.9344635465846888,0.0,443082,28272,6317766,0
Region D,video_038,0.07387349170437406,0.06735484452809008,0.93264515547191,0.0,454084,47452,6287584,0
Region E,video_001,0.9960910986990951,0.9301659145033748,0.0011613843928022425,0.06882698812446655,353477,6409105,411,26127
Region E,video_002,0.9953591923548265,0.9189886892196616,0.0033879022611110646,0.07813136758265284,357414,6400199,1215,30292
Region E,video_003,0.9965189892062595,0.9386824762596648,0.0031768336364137325,0.05850099019692037,361787,6403700,1153,22480
Region E,video_004,0.9931384332579185,0.8836118696704784,0.0011664162496187258,0.11547542230025461,353663,6388873,413,46171
Region E,video_005,0.946918304581448,0.5195363589458486,0.46940773439138167,0.03856022737926645,389685,6039057,344749,15629
Region E,video_006,0.9958041690233785,0.9317965244623643,0.010123208090427209,0.05923873893473731,389176,6371458,3980,24506
Region E,video_007,0.9962360364819004,0.9376506641421781,0.011703771901175006,0.05182074556934229,384298,6379268,4551,21003
Region E,video_008,0.9426436710501508,0.5094117839743291,0.4652733144484912,0.08503180461489375,404340,5995381,351822,37577
Region E,video_009,0.9915478000094269,0.8738089112024472,0.0020945195915435654,0.12458553372240838,397348,6334389,834,56549
Region E,video_010,0.9862039557409502,0.7981292095479282,0.0007798144095671625,0.2013733431675746,370312,6325145,289,93374
Region E,video_011,0.993435378959276,0.9014775711595087,0.012810829653729957,0.08785162121537471,407796,6336756,5292,39276
Region E,video_012,0.993704633295626,0.9018288229105893,0.040653863069931094,0.06233700480507447,392622,6353758,16638,26102
Region E,video_013,0.9453133837669683,0.5296476988115584,0.45238625408667954,0.05832972953492982,418079,5999767,345377,25897
Region E,video_014,0.9404451534219457,0.12186683520221007,0.0867930669704614,0.8767051047672619,56112,6328683,5333,398992
Region E,video_015,0.9291808069381599,0.4676150972311113,0.2819683614897032,0.42720150610090224,422306,5886014,165838,314962
Region E,video_016,0.8750917644702112,0.47802035802900006,0.5088046420048563,0.05313005988958468,776600,5164503,804441,43576
Region E,video_017,0.912535350678733,0.42338549141693,0.316784006844539,0.473198373718518,436010,5759302,202163,391645
Region E,video_018,0.8811623597756411,0.32256989225643506,0.5982231471943191,0.37932900782598017,384173,5598144,572012,234791
Region E,video_019,0.5427106900452489,0.02679044718664725,0.9731938895756246,0.021345059374534795,85463,3599065,3102728,1864
Region E,video_020,0.9945287459935898,0.6404475892710219,0.114341552218028,0.3018244747644222,66164,6685811,8542,28603
Region E,video_021,0.994665877168175,0.7100931826187198,0.19513279555745097,0.14223825318389727,88702,6664204,21505,14709
Region E,video_022,0.40312662023944196,0.032270120734436775,0.9677236203470152,0.0059732674214169595,135127,2601748,4051433,812
Region E,video_023,0.9905621052507542,0.6455166080240766,0.21124713548884277,0.2195564057629794,116681,6608364,31250,32825
Region E,video_024,0.9887776324472096,0.6250842686953484,0.26003530049106127,0.19895446433638755,127029,6585901,44640,31550
Region E,video_025,0.9318896999905731,0.2574462686758906,0.7256709399661878,0.19292902342393137,160319,6166392,424085,38324
Region E,video_026,0.9225363522812972,0.228705851985909,0.7141406383185434,0.4664403926492878,155944,6107266,389583,136327
Region E,video_027,0.9533628806089743,0.411347491359613,0.5054825688729555,0.29020688504710973,221256,6251239,226162,90463
Region E,video_028,0.9829559648378582,0.6677472428080432,0.08188016439199833,0.289969499070317,232557,6440849,20740,94974
Region E,video_029,0.9816147011689291,0.6476380286699902,0.14089169493937284,0.27540159310706414,229418,6434882,37624,87196
Region E,video_030,0.9761390283276772,0.504582750996217,0.09326621346097833,0.467795210569777,164992,6462133,16971,145024
Region E,video_031,0.11942313584087481,0.046504869915488606,0.9533123236494724,0.07765743423633166,291582,519196,5953792,24550
Region E,video_032,0.9614502321361237,0.4755624219762868,0.4083602568704878,0.29206327426104955,237328,6290073,163808,97911
Region E,video_033,0.17671259309012066,0.06151248793183058,0.9381216811509898,0.08768465300674363,366353,833370,5554186,35211
Region E,video_034,0.9035805818721719,0.1701269905261036,0.7344041926596789,0.6787502004878738,134196,6000321,371068,283535
Region E,video_035,0.943553656438537,0.06475576869104709,0.11559229384707687,0.9346914865599933,26534,6379365,3468,379753
Region E,video_036,0.07130541218891402,0.044439853997518125,0.95556003824057,5.456262937310949e-05,293225,190876,6305003,16
Region E,video_037,0.9663913732560332,0.3391729706560397,0.11447258979206049,0.6452740462524043,117111,6443836,15139,213034
Region E,video_038,0.9731412907711161,0.5861910111084635,0.10141237041675363,0.37228161155568734,258308,6348465,29152,153195
Region E,video_039,0.2630999304769985,0.07146412697375698,0.9284982240848889,0.0073140800552745425,385045,1401172,5000066,2837
Region E,video_040,0.08411767651772248,0.05642151771726311,0.9435783196063628,5.1098895188097726e-05,371809,199276,6218016,19
Region E,video_041,0.851701840592006,0.032545902502584836,0.9513401220591446,0.9105147187039297,33870,5748436,662186,344628
Region E,video_042,0.07127801541289593,0.06610806785300412,0.9338919321469958,0.0,446331,37584,6305205,0
Region E,video_043,0.7605954821832579,0.012691352835159415,0.9777449699030357,0.9713139456814397,20893,5142881,917906,707440
Region E,video_044,0.29162409855769234,0.1324295963111135,0.8675700453409119,2.0432654651357612e-05,734104,1245767,4809234,15
Region E,video_045,0.15893606240573152,0.11354595187541265,0.8864530081053431,8.066015552371682e-05,731405,347631,5710025,59
Region E,video_046,0.12494505915346908,0.1128795721766705,0.8871198041556302,4.894393538342282e-05,755930,92337,5940816,37
Region E,video_047,0.12601426989064857,0.1187968124815661,0.8812031698758137,1.250123449690657e-06,799920,55606,5933593,1
Region E,video_048,0.09770721389517345,0.08842960805342481,0.9115703787874504,1.6827934371055954e-06,594249,69097,6125773,1
Region E,video_049,0.023189308776395173,0.01148163760793428,0.988518358969161,2.5964247231562138e-05,77027,80408,6631683,2
Region E,video_050,0.1984242434954751,0.01875722815380105,0.9812315297598643,0.03094550535631113,104028,1243098,5438672,3322
Region E,video_051,0.04542473840497738,0.018316197952539998,0.981683752106489,0.0001488402861041055,120917,187477,6480708,18
Region E,video_052,0.03890622054110106,0.020305632500783384,0.9796943339624427,8.133026742870663e-05,135240,128899,6524970,11
Region E,video_053,0.03986466581825038,0.02351922170044503,0.9764807078347906,0.0001273706869101145,157002,113644,6518454,20
Region E,video_054,0.32441612462292607,0.03472357702531751,0.9652754437092114,0.0008114966056429293,164993,2037507,4586486,134
Region E,video_055,0.07065275028280543,0.045267062534557236,0.9547328210199308,5.682406933873496e-05,299152,180518,6309433,17
Region E,video_056,0.6781871582767722,0.2553632600032105,0.7305946350989213,0.16951215321844978,749257,3855037,2031894,152932
Region E,video_057,0.43319251979638007,0.18809577460509558,0.8118927158181164,0.00032518720691101306,891504,2049492,3847834,290
Region E,video_058,0.9288851868872549,0.541254652235591,0.294256989054147,0.30099884654084963,569644,5736669,237511,245296
Region E,video_059,0.9446038661858974,0.5785037365120209,0.3107111285597156,0.21742129640157976,516185,5896844,232681,143410
Region E,video_060,0.8239088423831071,0.2039271464263074,0.7806570090659974,0.2563077655332521,306248,5287368,1089958,105546
Region E,video_061,0.9791953890931373,0.4635403412953728,0.010322821300853883,0.534207573525483,122046,6525829,1273,139972
Region E,video_062,0.048241451027526396,0.044737335413298454,0.9552626381313891,1.3218028068482603e-05,302613,24904,6461599,4
Region E,video_063,0.9768942072021116,0.5154536637198757,0.13773129608482448,0.4382992187473703,166874,6465378,26655,130213
Region E,video_064,0.35114492010746606,0.07799761104086744,0.9220017196299866,0.00011000834453540256,372658,2011307,4405114,41
Region E,video_065,0.9723504666289593,0.6301424923552221,0.14084158947798242,0.2972657039647732,319820,6281584,52428,135288
Region E,video_066,0.9272624434389141,0.27784715905601165,0.6060029197564658,0.5148012707233113,189998,6105298,292234,201590
Region E,video_067,0.9519183634992459,0.5176768012577,0.43747069817028134,0.1334654062850896,350359,6112329,272469,53963
Region E,video_068,0.4459667821455505,0.11701432651707344,0.8829672113788746,0.001346323754800786,498465,2529257,3760726,672
Region E,video_069,0.45841449259992456,0.120828201488253,0.8786329593906886,0.03544201352171606,505330,2606901,3658321,18568
Region E,video_070,0.09889426022812971,0.08107937197455922,0.9189206280254407,0.0,539786,131619,6117715,0
Region E,video_071,0.8497979119532428,0.19880827700645595,0.771727638169195,0.3936600514710463,253039,5516341,855457,164283
Region E,video_072,0.08382382400075415,0.0621154050872907,0.9378845761806135,4.854958125986164e-06,411948,157142,6220028,2
Region E,video_073,0.4224404635652338,0.09700318399610164,0.9029968160038984,0.0,421221,2446778,3921121,0
Region E,video_074,0.95924302413273,0.4704422231536078,0.23166725533158505,0.45179649465545346,245815,6266601,74118,202586
Region E,video_075,0.9798928285256411,0.7294104354686208,0.016301369496817517,0.2616649912819803,367981,6284629,6098,130412
Region E,video_076,0.6199731334841629,0.1625029011593276,0.8373660695286798,0.004933422646437381,500617,3708455,2577566,2482
Region E,video_077,0.20721698835784313,0.08608260254001265,0.9139173974599873,0.0,506963,899858,5382299,0
Region E,video_078,0.08695397930806938,0.08190610729714423,0.9180938927028558,0.0,553013,37328,6198779,0
Region E,video_079,0.9773732088989442,0.7399252701634271,0.045125726733071296,0.23326380202348393,437045,6198459,20654,132962
Region E,video_080,0.5446241928261689,0.15759479167262722,0.8424040918346688,4.495205690238834e-05,578368,3119151,3091575,26
Region E,video_081,0.919295284219457,0.05339320236550631,0.04280360516616595,0.9464790098313756,30905,6210301,1382,546532
Region E,video_082,0.4703696502639517,0.14189383008670975,0.8581056281122578,2.6909117818208727e-05,594578,2598818,3595708,16
Region E,video_083,0.2766256893382353,0.10926717985345846,0.8907328201465415,0.0,602447,1275598,4911075,0
Region E,video_084,0.1379038815045249,0.09337143124461421,0.9066285542918555,1.6589965725130813e-06,602773,333473,5852873,1
