video_name,AUPRC,F1,IoU,MSE
video_001,0.7536016571904232,0.6886597145219493,0.5251571404831031,0.00715483008107089
video_002,0.7898376410174773,0.7440863076655373,0.5924661162682663,0.007365313914027149
video_003,0.9108821183037582,0.9094795945370658,0.8339867736367435,0.005794123538838613
video_004,0.9521426322124315,0.951191513076443,0.906925835303401,0.0043086585595776775
video_005,0.951976026049177,0.9508480501612648,0.9063015612823475,0.005135864441930618
video_006,0.7990767444054954,0.7655077254664543,0.6200992434364989,0.030864530307315233
video_007,0.975338974344624,0.9746278040241774,0.9505112464032117,0.002865172511312217
video_008,0.9166600485564226,0.9115011485439144,0.837392843662259,0.011865897200226244
video_009,0.6714397255674331,0.5822181074179843,0.41065421308045397,0.04559618919683258
video_010,0.5967608186460123,0.4784839877405677,0.31447844379240214,0.1300801871229261
video_011,0.4565585311638588,0.34011583011583013,0.2049033518643437,0.11580086962669683
video_012,0.8997997755380238,0.897484883621394,0.8140340846929448,0.007761536104826546
video_013,0.3988270817194138,0.2677137373043615,0.15454358963036965,0.1353726256127451
video_014,0.5452907575149957,0.3335759405053235,0.20017470259429435,0.15037898873491704
video_015,0.5366034135217149,0.29627721040632127,0.17389989276188556,0.18585913932880846
video_016,0.5221047686584627,0.08467560530144312,0.04420953731692525,0.9433970823906486
video_017,0.5458068469794586,0.298496816011352,0.1754312415164681,0.18888825061274508
video_018,0.5143769793428817,0.05590055511912055,0.028753958685763498,0.9553545967665913
video_019,0.3331960417118962,0.19133669944193463,0.1057890096973259,0.1259490184294872
video_020,0.359445571574079,0.10380351897581175,0.05474301846596856,0.3159284266591252
video_021,0.5148342324895793,0.05762721883448017,0.029668464979158628,0.9486640389328809
video_022,0.5151346410337058,0.05875994285041859,0.030269282067411446,0.9495964130844645
video_023,0.523115415025885,0.20740883807169344,0.11570336977929864,0.2115593773567119
video_024,0.5155882291996602,0.06046774661189432,0.031176458399320345,0.9641514658748115
video_025,0.5145766964702313,0.056815475998944584,0.02923833290003792,0.9498524109162896
video_026,0.5129591509131084,0.050527028867854366,0.02591830182621669,0.9496554781768477
video_027,0.5186287422879151,0.0718457563453981,0.03726141546084117,0.9318886689291102
video_028,0.811998205661653,0.7911078296883328,0.6544072739625533,0.014085772530165913
video_029,0.5108194669455832,0.39984289661673245,0.2498772750321395,0.09565657993966817
video_030,0.5255046902403312,0.09706741239042824,0.05100938048066248,0.9382436899038461
video_031,0.5285087329025345,0.10788367770563202,0.05701746580506899,0.8897372560803167
video_032,0.7508656772851268,0.6534889375895614,0.48532014019975966,0.033373544730392155
video_033,0.7300733824605284,0.5900079201325192,0.4184476838961901,0.047502621842006036
video_034,0.8144558536198557,0.8004252676023061,0.6672575255085833,0.03857127286010558
video_035,0.6345503140004699,0.5587420353216646,0.3876766332017228,0.11869284973604827
video_036,0.5354829078387029,0.13252676161753776,0.07096581567740572,0.9157301682692308
video_037,0.5327736993939222,0.12303047027736243,0.06554739878784437,0.9305612509426847
video_038,0.5336831330169329,0.12622895847024715,0.06736626603386581,0.9261151666195324
